{"fragments": [{"start": 0, "end": 6.249999999999991, "fragment-type": "normal"}, {"start": 6.249999999999991, "end": 8.75000000000001, "fragment-type": "normal"}]}