{"fragments": [{"start": 0, "end": 2.249999999999998, "fragment-type": "normal"}, {"start": 2.249999999999998, "end": 5.749999999999988, "fragment-type": "normal"}]}