{"fragments": [{"start": 0, "end": 1.2500000000000013, "fragment-type": "normal"}, {"start": 1.2500000000000013, "end": 8.750000000000004, "fragment-type": "normal"}, {"start": 8.750000000000004, "end": 10.250000000000053, "fragment-type": "normal"}]}