{"fragments": [{"start": 0, "end": 3.2499999999999942, "fragment-type": "normal"}, {"start": 3.2499999999999942, "end": 5.749999999999988, "fragment-type": "normal"}, {"start": 5.749999999999988, "end": 7.249999999999984, "fragment-type": "normal"}]}