{"fragments": [{"start": 0, "end": 4.249999999999991, "fragment-type": "normal"}, {"start": 4.249999999999991, "end": 4.749999999999991, "fragment-type": "normal"}]}