{"fragments": [{"start": 0, "end": 1.2500000000000013, "fragment-type": "normal"}, {"start": 1.2500000000000013, "end": 2.749999999999998, "fragment-type": "normal"}, {"start": 2.749999999999998, "end": 4.249999999999995, "fragment-type": "normal"}]}