{"fragments": [{"start": 0, "end": 2.249999999999998, "fragment-type": "normal"}, {"start": 2.249999999999998, "end": 4.749999999999991, "fragment-type": "normal"}]}