{"fragments": [{"start": 0, "end": 2.249999999999998, "fragment-type": "normal"}, {"start": 2.249999999999998, "end": 3.7499999999999942, "fragment-type": "normal"}, {"start": 3.7499999999999942, "end": 8.24999999999998, "fragment-type": "normal"}]}