{"fragments": [{"start": 0, "end": 2.249999999999998, "fragment-type": "normal"}, {"start": 2.249999999999998, "end": 6.749999999999984, "fragment-type": "normal"}, {"start": 6.749999999999984, "end": 10.25000000000008, "fragment-type": "normal"}, {"start": 10.25000000000008, "end": 11.75000000000013, "fragment-type": "normal"}]}